series,code
Red Dash,CXP-024D-RED-EMB-FIR-WDJEZ
Red Dash,CXP-004D-RED-EMB-FIR-VAIIQ
Red Dash,CXP-036D-RED-EMB-FIR-D0HPC
Red Dash,CXP-360D-RED-EMB-FIR-CHHP0
Red Dash,CXP-274D-RED-EMB-FIR-AEEWK
Red Dash,CXP-264D-RED-EMB-FIR-RE0IS
Red Dash,CXP-019D-RED-EMB-FIR-KX6X8
Red Dash,CXP-485D-RED-EMB-FIR-0HFNB
Red Dash,CXP-407D-RED-EMB-FIR-T4OPE
Red Dash,CXP-455D-RED-EMB-FIR-1WM5N
Red Dash,CXP-392D-RED-EMB-FIR-H52PJ
Red Dash,CXP-268D-RED-EMB-FIR-311VW
Red Dash,CXP-217D-RED-EMB-FIR-VQK6O
Red Dash,CXP-445D-RED-EMB-FIR-XCQW3
Red Dash,CXP-352D-RED-EMB-FIR-XQD3R
Red Dash,CXP-167D-RED-EMB-FIR-RSVCF
Red Dash,CXP-169D-RED-EMB-FIR-4HX5C
Red Dash,CXP-083D-RED-EMB-FIR-XIG2I
Red Dash,CXP-397D-RED-EMB-FIR-6VSEQ
Red Dash,CXP-286D-RED-EMB-FIR-GTTLU
Red Dash,CXP-337D-RED-EMB-FIR-W3N9G
Red Dash,CXP-490D-RED-EMB-FIR-L1SZM
Red Dash,CXP-312D-RED-EMB-FIR-P5QBE
Red Dash,CXP-048D-RED-EMB-FIR-I1EXF
Red Dash,CXP-025D-RED-EMB-FIR-N4GF1
Red Dash,CXP-374D-RED-EMB-FIR-1M0VQ
Red Dash,CXP-366D-RED-EMB-FIR-8T2HS
Red Dash,CXP-494D-RED-EMB-FIR-YL2T4
Red Dash,CXP-482D-RED-EMB-FIR-NRBS1
Red Dash,CXP-058D-RED-EMB-FIR-ZEODW
Red Dash,CXP-415D-RED-EMB-FIR-MN863
Red Dash,CXP-013D-RED-EMB-FIR-34RK9
Red Dash,CXP-113D-RED-EMB-FIR-9JCGY
Red Dash,CXP-003D-RED-EMB-FIR-ZCDPS
Red Dash,CXP-292D-RED-EMB-FIR-CNCCH
Red Dash,CXP-344D-RED-EMB-FIR-7WVRZ
Red Dash,CXP-131D-RED-EMB-FIR-8YXN3
Red Dash,CXP-399D-RED-EMB-FIR-1KXSN
Red Dash,CXP-476D-RED-EMB-FIR-RQLPB
Red Dash,CXP-144D-RED-EMB-FIR-ICT2P
Red Dash,CXP-495D-RED-EMB-FIR-DTLQT
Red Dash,CXP-138D-RED-EMB-FIR-C352V
Red Dash,CXP-340D-RED-EMB-FIR-UJ4JA
Red Dash,CXP-444D-RED-EMB-FIR-X12VZ
Red Dash,CXP-154D-RED-EMB-FIR-73EHC
Red Dash,CXP-376D-RED-EMB-FIR-P4C3K
Red Dash,CXP-153D-RED-EMB-FIR-EVTMG
Red Dash,CXP-378D-RED-EMB-FIR-PV4VK
Red Dash,CXP-357D-RED-EMB-FIR-3E6Y8
Red Dash,CXP-201D-RED-EMB-FIR-V1R7A
Red Pixie,CXP-066P-RED-EMB-FIR-01QG0
Red Pixie,CXP-143P-RED-EMB-FIR-25VKL
Red Pixie,CXP-343P-RED-EMB-FIR-QKDO6
Red Pixie,CXP-480P-RED-EMB-FIR-39KW8
Red Pixie,CXP-250P-RED-EMB-FIR-X0RIG
Red Pixie,CXP-128P-RED-EMB-FIR-RE2Z2
Red Pixie,CXP-449P-RED-EMB-FIR-VZKEK
Red Pixie,CXP-204P-RED-EMB-FIR-32XKI
Red Pixie,CXP-413P-RED-EMB-FIR-36509
Red Pixie,CXP-232P-RED-EMB-FIR-EGXWU
Red Pixie,CXP-314P-RED-EMB-FIR-3XJVI
Red Pixie,CXP-098P-RED-EMB-FIR-27WJ4
Red Pixie,CXP-442P-RED-EMB-FIR-W9GT3
Red Pixie,CXP-094P-RED-EMB-FIR-7UMG0
Red Pixie,CXP-308P-RED-EMB-FIR-BD8NK
Red Pixie,CXP-379P-RED-EMB-FIR-W0W7X
Red Pixie,CXP-206P-RED-EMB-FIR-PMYMA
Red Pixie,CXP-321P-RED-EMB-FIR-YDKVI
Red Pixie,CXP-118P-RED-EMB-FIR-7NPUH
Red Pixie,CXP-346P-RED-EMB-FIR-UT9UM
Red Pixie,CXP-336P-RED-EMB-FIR-Y92KS
Red Pixie,CXP-077P-RED-EMB-FIR-1NG7C
Red Pixie,CXP-193P-RED-EMB-FIR-OU3D
Red Pixie,CXP-427P-RED-EMB-FIR-9XZ45
Red Pixie,CXP-388P-RED-EMB-FIR-D57QV
Red Pixie,CXP-111P-RED-EMB-FIR-MCTV9
Red Pixie,CXP-266P-RED-EMB-FIR-32HGQ
Red Pixie,CXP-481P-RED-EMB-FIR-8QAFH
Red Pixie,CXP-471P-RED-EMB-FIR-FBA6E
Red Pixie,CXP-463P-RED-EMB-FIR-BTNHS
Red Pixie,CXP-212P-RED-EMB-FIR-O4FY4
Red Pixie,CXP-152P-RED-EMB-FIR-AAM9S
Red Pixie,CXP-172P-RED-EMB-FIR-9U4ON
Red Pixie,CXP-139P-RED-EMB-FIR-V791E
Red Pixie,CXP-393P-RED-EMB-FIR-7VG67
Red Pixie,CXP-342P-RED-EMB-FIR-CZDRT
Red Pixie,CXP-145P-RED-EMB-FIR-Q7INQ
Red Pixie,CXP-240P-RED-EMB-FIR-0XGJ5
Red Pixie,CXP-123P-RED-EMB-FIR-SOR15
Red Pixie,CXP-061P-RED-EMB-FIR-V3JO1
Red Pixie,CXP-020P-RED-EMB-FIR-GRN3S
Red Pixie,CXP-042P-RED-EMB-FIR-H9Y8C
Red Pixie,CXP-082P-RED-EMB-FIR-S9644
Red Pixie,CXP-085P-RED-EMB-FIR-LK3Y5
Red Pixie,CXP-477P-RED-EMB-FIR-8RNYI
Red Pixie,CXP-211P-RED-EMB-FIR-C5OHO
Red Pixie,CXP-056P-RED-EMB-FIR-PDE81
Red Pixie,CXP-298P-RED-EMB-FIR-N3V6U
Red Pixie,CXP-014P-RED-EMB-FIR-ZKI8S
Red Pixie,CXP-220P-RED-EMB-FIR-HBFNT
Blue Dash,CXP-275D-BLUE-WTR-ICE-ZA32T
Blue Dash,CXP-044D-BLUE-WTR-ICE-MLT9V
Blue Dash,CXP-163D-BLUE-WTR-ICE-5PHSM
Blue Dash,CXP-089D-BLUE-WTR-ICE-OG7KN
Blue Dash,CXP-026D-BLUE-WTR-ICE-3GRCO
Blue Dash,CXP-148D-BLUE-WTR-ICE-4KAW8
Blue Dash,CXP-290D-BLUE-WTR-ICE-MN0GO
Blue Dash,CXP-188D-BLUE-WTR-ICE-2YJ3B
Blue Dash,CXP-242D-BLUE-WTR-ICE-GNFAX
Blue Dash,CXP-297D-BLUE-WTR-ICE-8J9T6
Blue Dash,CXP-187D-BLUE-WTR-ICE-D8CV1
Blue Dash,CXP-075D-BLUE-WTR-ICE-KV1NL
Blue Dash,CXP-017D-BLUE-WTR-ICE-0WJ8Z
Blue Dash,CXP-450D-BLUE-WTR-ICE-8FF6T
Blue Dash,CXP-429D-BLUE-WTR-ICE-5TVET
Blue Dash,CXP-439D-BLUE-WTR-ICE-BPEUO
Blue Dash,CXP-355D-BLUE-WTR-ICE-E8MQX
Blue Dash,CXP-199D-BLUE-WTR-ICE-CGHJR
Blue Dash,CXP-030D-BLUE-WTR-ICE-UDKJF
Blue Dash,CXP-372D-BLUE-WTR-ICE-SFGES
Blue Dash,CXP-022D-BLUE-WTR-ICE-EKDTX
Blue Dash,CXP-028D-BLUE-WTR-ICE-HWMTT
Blue Dash,CXP-186D-BLUE-WTR-ICE-MNGZB
Blue Dash,CXP-010D-BLUE-WTR-ICE-CP94G
Blue Dash,CXP-107D-BLUE-WTR-ICE-1007R
Blue Dash,CXP-059D-BLUE-WTR-ICE-PL1D4
Blue Dash,CXP-190D-BLUE-WTR-ICE-M43HM
Blue Dash,CXP-347D-BLUE-WTR-ICE-OVYRF
Blue Dash,CXP-228D-BLUE-WTR-ICE-2V176
Blue Dash,CXP-430D-BLUE-WTR-ICE-H6RRG
Blue Dash,CXP-491D-BLUE-WTR-ICE-NUIH0
Blue Dash,CXP-262D-BLUE-WTR-ICE-WEWN7
Blue Dash,CXP-369D-BLUE-WTR-ICE-MRXP3
Blue Dash,CXP-221D-BLUE-WTR-ICE-F84OB
Blue Dash,CXP-281D-BLUE-WTR-ICE-S6WPB
Blue Dash,CXP-176D-BLUE-WTR-ICE-1XY6Z
Blue Dash,CXP-328D-BLUE-WTR-ICE-M4EL0
Blue Dash,CXP-426D-BLUE-WTR-ICE-POUXV
Blue Dash,CXP-037D-BLUE-WTR-ICE-PQC5Y
Blue Dash,CXP-009D-BLUE-WTR-ICE-GJ3AF
Blue Dash,CXP-140D-BLUE-WTR-ICE-I9I9H
Blue Dash,CXP-325D-BLUE-WTR-ICE-DMUEM
Blue Dash,CXP-227D-BLUE-WTR-ICE-6PHNG
Blue Dash,CXP-072D-BLUE-WTR-ICE-TI8EE
Blue Dash,CXP-487D-BLUE-WTR-ICE-5UVA1
Blue Dash,CXP-496D-BLUE-WTR-ICE-RAHJI
Blue Dash,CXP-070D-BLUE-WTR-ICE-BZDK2
Blue Dash,CXP-252D-BLUE-WTR-ICE-A4DFF
Blue Dash,CXP-484D-BLUE-WTR-ICE-E0581
Blue Dash,CXP-093D-BLUE-WTR-ICE-4CL28
Blue Pixie,CXP-416P-BLUE-WTR-ICE-7JKWW
Blue Pixie,CXP-462P-BLUE-WTR-ICE-48489
Blue Pixie,CXP-371P-BLUE-WTR-ICE-6Q42H
Blue Pixie,CXP-246P-BLUE-WTR-ICE-TIFOS
Blue Pixie,CXP-403P-BLUE-WTR-ICE-IED9N
Blue Pixie,CXP-162P-BLUE-WTR-ICE-US786
Blue Pixie,CXP-362P-BLUE-WTR-ICE-3MHGI
Blue Pixie,CXP-018P-BLUE-WTR-ICE-LWU89
Blue Pixie,CXP-358P-BLUE-WTR-ICE-JHX5G
Blue Pixie,CXP-478P-BLUE-WTR-ICE-43OTV
Blue Pixie,CXP-319P-BLUE-WTR-ICE-FKTVV
Blue Pixie,CXP-288P-BLUE-WTR-ICE-2FOVG
Blue Pixie,CXP-149P-BLUE-WTR-ICE-JQI6H
Blue Pixie,CXP-055P-BLUE-WTR-ICE-KETT5
Blue Pixie,CXP-112P-BLUE-WTR-ICE-HMO0O
Blue Pixie,CXP-051P-BLUE-WTR-ICE-H6YKF
Blue Pixie,CXP-384P-BLUE-WTR-ICE-306MW
Blue Pixie,CXP-016P-BLUE-WTR-ICE-UYXI5
Blue Pixie,CXP-033P-BLUE-WTR-ICE-ON0S7
Blue Pixie,CXP-034P-BLUE-WTR-ICE-CHXK7
Blue Pixie,CXP-255P-BLUE-WTR-ICE-5U32D
Blue Pixie,CXP-428P-BLUE-WTR-ICE-C4V7U
Blue Pixie,CXP-382P-BLUE-WTR-ICE-46SUJ
Blue Pixie,CXP-057P-BLUE-WTR-ICE-DXNMA
Blue Pixie,CXP-237P-BLUE-WTR-ICE-TGBKR
Blue Pixie,CXP-213P-BLUE-WTR-ICE-WKG1W
Blue Pixie,CXP-239P-BLUE-WTR-ICE-MXJCI
Blue Pixie,CXP-363P-BLUE-WTR-ICE-DRE53
Blue Pixie,CXP-279P-BLUE-WTR-ICE-HA625
Blue Pixie,CXP-243P-BLUE-WTR-ICE-4IR6L
Blue Pixie,CXP-091P-BLUE-WTR-ICE-JOTLC
Blue Pixie,CXP-247P-BLUE-WTR-ICE-M3OEX
Blue Pixie,CXP-327P-BLUE-WTR-ICE-YD9VW
Blue Pixie,CXP-236P-BLUE-WTR-ICE-8GCVU
Blue Pixie,CXP-173P-BLUE-WTR-ICE-E5T6U
Blue Pixie,CXP-008P-BLUE-WTR-ICE-LAMGO
Blue Pixie,CXP-125P-BLUE-WTR-ICE-EOYVQ
Blue Pixie,CXP-238P-BLUE-WTR-ICE-OSPII
Blue Pixie,CXP-309P-BLUE-WTR-ICE-3NOGX
Blue Pixie,CXP-179P-BLUE-WTR-ICE-LN1MM
Blue Pixie,CXP-102P-BLUE-WTR-ICE-DG1K3
Blue Pixie,CXP-104P-BLUE-WTR-ICE-O48KS
Blue Pixie,CXP-447P-BLUE-WTR-ICE-POSJ1
Blue Pixie,CXP-434P-BLUE-WTR-ICE-6BU9R
Blue Pixie,CXP-315P-BLUE-WTR-ICE-U2W9H
Blue Pixie,CXP-109P-BLUE-WTR-ICE-7V85S
Blue Pixie,CXP-005P-BLUE-WTR-ICE-FXKH1
Blue Pixie,CXP-269P-BLUE-WTR-ICE-6LV7Q
Blue Pixie,CXP-185P-BLUE-WTR-ICE-LUL7T
Blue Pixie,CXP-087P-BLUE-WTR-ICE-ADCAO
Pink Dash,CXP-074D-PINK-LUV-ROS-2VW9M
Pink Dash,CXP-069D-PINK-LUV-ROS-ZTNMJ
Pink Dash,CXP-133D-PINK-LUV-ROS-OFHUZ
Pink Dash,CXP-323D-PINK-LUV-ROS-DKUL8
Pink Dash,CXP-435D-PINK-LUV-ROS-QX3B2
Pink Dash,CXP-474D-PINK-LUV-ROS-6BTFR
Pink Dash,CXP-486D-PINK-LUV-ROS-BHLVL
Pink Dash,CXP-493D-PINK-LUV-ROS-JPY8W
Pink Dash,CXP-045D-PINK-LUV-ROS-WL05D
Pink Dash,CXP-043D-PINK-LUV-ROS-IQ0AJ
Pink Dash,CXP-053D-PINK-LUV-ROS-RQQU6
Pink Dash,CXP-032D-PINK-LUV-ROS-C0KMI
Pink Dash,CXP-273D-PINK-LUV-ROS-QJQGS
Pink Dash,CXP-270D-PINK-LUV-ROS-S59T0
Pink Dash,CXP-156D-PINK-LUV-ROS-YST3K
Pink Dash,CXP-410D-PINK-LUV-ROS-UTDMG
Pink Dash,CXP-002D-PINK-LUV-ROS-A5ZF6
Pink Dash,CXP-293D-PINK-LUV-ROS-AO8RU
Pink Dash,CXP-459D-PINK-LUV-ROS-PRNPQ
Pink Dash,CXP-194D-PINK-LUV-ROS-PJTL8
Pink Dash,CXP-063D-PINK-LUV-ROS-OXMQ9
Pink Dash,CXP-207D-PINK-LUV-ROS-87MN3
Pink Dash,CXP-272D-PINK-LUV-ROS-1FOMB
Pink Dash,CXP-461D-PINK-LUV-ROS-4HP3B
Pink Dash,CXP-216D-PINK-LUV-ROS-S9QBL
Pink Dash,CXP-015D-PINK-LUV-ROS-99XL1
Pink Dash,CXP-198D-PINK-LUV-ROS-P5UIU
Pink Dash,CXP-411D-PINK-LUV-ROS-OT86D
Pink Dash,CXP-324D-PINK-LUV-ROS-QVH88
Pink Dash,CXP-400D-PINK-LUV-ROS-5P2UW
Pink Dash,CXP-215D-PINK-LUV-ROS-J13LQ
Pink Dash,CXP-146D-PINK-LUV-ROS-H0MBJ
Pink Dash,CXP-421D-PINK-LUV-ROS-AJ4JH
Pink Dash,CXP-165D-PINK-LUV-ROS-XNZVT
Pink Dash,CXP-310D-PINK-LUV-ROS-QS8L3
Pink Dash,CXP-409D-PINK-LUV-ROS-KT8JI
Pink Dash,CXP-245D-PINK-LUV-ROS-HXJAE
Pink Dash,CXP-395D-PINK-LUV-ROS-KJNMQ
Pink Dash,CXP-132D-PINK-LUV-ROS-GMRER
Pink Dash,CXP-350D-PINK-LUV-ROS-61FNA
Pink Dash,CXP-126D-PINK-LUV-ROS-SRFM0
Pink Dash,CXP-412D-PINK-LUV-ROS-84YV5
Pink Dash,CXP-333D-PINK-LUV-ROS-EPPHA
Pink Dash,CXP-408D-PINK-LUV-ROS-F96RL
Pink Dash,CXP-313D-PINK-LUV-ROS-20N3P
Pink Dash,CXP-114D-PINK-LUV-ROS-93YR6
Pink Dash,CXP-141D-PINK-LUV-ROS-NPYAT
Pink Dash,CXP-006D-PINK-LUV-ROS-F65BK
Pink Dash,CXP-244D-PINK-LUV-ROS-HJIQA
Pink Dash,CXP-453D-PINK-LUV-ROS-Y2PDF
Pink Pixie,CXP-076P-PINK-LUV-ROS-9YAUJ
Pink Pixie,CXP-067P-PINK-LUV-ROS-1BU7D
Pink Pixie,CXP-456P-PINK-LUV-ROS-NCER4
Pink Pixie,CXP-121P-PINK-LUV-ROS-OK37C
Pink Pixie,CXP-338P-PINK-LUV-ROS-KV9UQ
Pink Pixie,CXP-457P-PINK-LUV-ROS-K0RMA
Pink Pixie,CXP-099P-PINK-LUV-ROS-PW6O8
Pink Pixie,CXP-101P-PINK-LUV-ROS-HR9SS
Pink Pixie,CXP-305P-PINK-LUV-ROS-AE7K2
Pink Pixie,CXP-385P-PINK-LUV-ROS-0EEI7
Pink Pixie,CXP-256P-PINK-LUV-ROS-D50YD
Pink Pixie,CXP-248P-PINK-LUV-ROS-L3OG3
Pink Pixie,CXP-209P-PINK-LUV-ROS-SAVY1
Pink Pixie,CXP-331P-PINK-LUV-ROS-EHOU1
Pink Pixie,CXP-406P-PINK-LUV-ROS-QT649
Pink Pixie,CXP-134P-PINK-LUV-ROS-65UW8
Pink Pixie,CXP-317P-PINK-LUV-ROS-56SH8
Pink Pixie,CXP-351P-PINK-LUV-ROS-J48L8
Pink Pixie,CXP-182P-PINK-LUV-ROS-B8E94
Pink Pixie,CXP-192P-PINK-LUV-ROS-49W5I
Pink Pixie,CXP-203P-PINK-LUV-ROS-VGLJP
Pink Pixie,CXP-419P-PINK-LUV-ROS-SOCZR
Pink Pixie,CXP-086P-PINK-LUV-ROS-ZB6DW
Pink Pixie,CXP-432P-PINK-LUV-ROS-V82WL
Pink Pixie,CXP-205P-PINK-LUV-ROS-1NFQJ
Pink Pixie,CXP-251P-PINK-LUV-ROS-Z3GHZ
Pink Pixie,CXP-335P-PINK-LUV-ROS-WQFXC
Pink Pixie,CXP-451P-PINK-LUV-ROS-Z2TA1
Pink Pixie,CXP-150P-PINK-LUV-ROS-A42B3
Pink Pixie,CXP-389P-PINK-LUV-ROS-CQPE8
Pink Pixie,CXP-260P-PINK-LUV-ROS-2JGYB
Pink Pixie,CXP-424P-PINK-LUV-ROS-EA62G
Pink Pixie,CXP-054P-PINK-LUV-ROS-P3NYS
Pink Pixie,CXP-189P-PINK-LUV-ROS-YDAXP
Pink Pixie,CXP-029P-PINK-LUV-ROS-170C1
Pink Pixie,CXP-233P-PINK-LUV-ROS-MC3E6
Pink Pixie,CXP-261P-PINK-LUV-ROS-YPQ93
Pink Pixie,CXP-316P-PINK-LUV-ROS-0A2F2
Pink Pixie,CXP-365P-PINK-LUV-ROS-18S0C
Pink Pixie,CXP-208P-PINK-LUV-ROS-VN7SH
Pink Pixie,CXP-127P-PINK-LUV-ROS-FUY8R
Pink Pixie,CXP-224P-PINK-LUV-ROS-BIV3O
Pink Pixie,CXP-218P-PINK-LUV-ROS-1YMRD
Pink Pixie,CXP-398P-PINK-LUV-ROS-ECA30
Pink Pixie,CXP-291P-PINK-LUV-ROS-LA7DW
Pink Pixie,CXP-105P-PINK-LUV-ROS-JRNK9
Pink Pixie,CXP-062P-PINK-LUV-ROS-DWYMF
Pink Pixie,CXP-135P-PINK-LUV-ROS-J0RHN
Pink Pixie,CXP-396P-PINK-LUV-ROS-DRKX2
Pink Pixie,CXP-492P-PINK-LUV-ROS-UC2PT
Purple Dash,CXP-096D-PURPLE-MYS-DRM-C882A
Purple Dash,CXP-306D-PURPLE-MYS-DRM-B8USJ
Purple Dash,CXP-304D-PURPLE-MYS-DRM-CRZ4E
Purple Dash,CXP-040D-PURPLE-MYS-DRM-XKRTP
Purple Dash,CXP-181D-PURPLE-MYS-DRM-OEA2K
Purple Dash,CXP-497D-PURPLE-MYS-DRM-G33CL
Purple Dash,CXP-311D-PURPLE-MYS-DRM-9JY6L
Purple Dash,CXP-147D-PURPLE-MYS-DRM-K69FS
Purple Dash,CXP-354D-PURPLE-MYS-DRM-ABRNX
Purple Dash,CXP-197D-PURPLE-MYS-DRM-2ZPQO
Purple Dash,CXP-007D-PURPLE-MYS-DRM-8QV5E
Purple Dash,CXP-390D-PURPLE-MYS-DRM-RZUEV
Purple Dash,CXP-027D-PURPLE-MYS-DRM-TOGYN
Purple Dash,CXP-046D-PURPLE-MYS-DRM-6E0XB
Purple Dash,CXP-387D-PURPLE-MYS-DRM-OECQI
Purple Dash,CXP-115D-PURPLE-MYS-DRM-I4CT9
Purple Dash,CXP-088D-PURPLE-MYS-DRM-MH6X8
Purple Dash,CXP-320D-PURPLE-MYS-DRM-V85B9
Purple Dash,CXP-402D-PURPLE-MYS-DRM-2TI5L
Purple Dash,CXP-391D-PURPLE-MYS-DRM-WFDH9
Purple Dash,CXP-151D-PURPLE-MYS-DRM-VS34G
Purple Dash,CXP-031D-PURPLE-MYS-DRM-XR8VQ
Purple Dash,CXP-263D-PURPLE-MYS-DRM-TXA7S
Purple Dash,CXP-353D-PURPLE-MYS-DRM-T7LQL
Purple Dash,CXP-341D-PURPLE-MYS-DRM-6Z6S9
Purple Dash,CXP-370D-PURPLE-MYS-DRM-KM7YA
Purple Dash,CXP-470D-PURPLE-MYS-DRM-AI5IY
Purple Dash,CXP-142D-PURPLE-MYS-DRM-RDYDY
Purple Dash,CXP-405D-PURPLE-MYS-DRM-BAH6U
Purple Dash,CXP-084D-PURPLE-MYS-DRM-PUS70
Purple Dash,CXP-443D-PURPLE-MYS-DRM-RV8RV
Purple Dash,CXP-196D-PURPLE-MYS-DRM-SXUT1
Purple Dash,CXP-295D-PURPLE-MYS-DRM-P2UBG
Purple Dash,CXP-440D-PURPLE-MYS-DRM-ERMSE
Purple Dash,CXP-326D-PURPLE-MYS-DRM-H54OY
Purple Dash,CXP-464D-PURPLE-MYS-DRM-XUNV7
Purple Dash,CXP-164D-PURPLE-MYS-DRM-UYK5D
Purple Dash,CXP-283D-PURPLE-MYS-DRM-QLWW4
Purple Dash,CXP-079D-PURPLE-MYS-DRM-RN9U2
Purple Dash,CXP-302D-PURPLE-MYS-DRM-2RD3X
Purple Dash,CXP-422D-PURPLE-MYS-DRM-90YEN
Purple Dash,CXP-229D-PURPLE-MYS-DRM-FV63B
Purple Dash,CXP-356D-PURPLE-MYS-DRM-MADRQ
Purple Dash,CXP-404D-PURPLE-MYS-DRM-9LVO7
Purple Dash,CXP-200D-PURPLE-MYS-DRM-UZKA5
Purple Dash,CXP-452D-PURPLE-MYS-DRM-J9KEJ
Purple Dash,CXP-168D-PURPLE-MYS-DRM-WMYG1
Purple Dash,CXP-467D-PURPLE-MYS-DRM-E86BN
Purple Dash,CXP-339D-PURPLE-MYS-DRM-AVW2V
Purple Dash,CXP-257D-PURPLE-MYS-DRM-C53NQ
Purple Pixie ,CXP-322P-PURPLE-MYS-DRM-WUOUA
Purple Pixie ,CXP-437P-PURPLE-MYS-DRM-QXH0S
Purple Pixie ,CXP-092P-PURPLE-MYS-DRM-P34HN
Purple Pixie ,CXP-271P-PURPLE-MYS-DRM-1F1O3
Purple Pixie ,CXP-289P-PURPLE-MYS-DRM-Q5OO1
Purple Pixie ,CXP-359P-PURPLE-MYS-DRM-OCJ1P
Purple Pixie ,CXP-278P-PURPLE-MYS-DRM-5YF69
Purple Pixie ,CXP-361P-PURPLE-MYS-DRM-TX2MK
Purple Pixie ,CXP-334P-PURPLE-MYS-DRM-1M350
Purple Pixie ,CXP-214P-PURPLE-MYS-DRM-UNJC0
Purple Pixie ,CXP-234P-PURPLE-MYS-DRM-QAFE3
Purple Pixie ,CXP-110P-PURPLE-MYS-DRM-KXWEF
Purple Pixie ,CXP-068P-PURPLE-MYS-DRM-XLM9C
Purple Pixie ,CXP-460P-PURPLE-MYS-DRM-FHAWZ
Purple Pixie ,CXP-157P-PURPLE-MYS-DRM-G5GU8
Purple Pixie ,CXP-180P-PURPLE-MYS-DRM-B9ZY3
Purple Pixie ,CXP-222P-PURPLE-MYS-DRM-AP463
Purple Pixie ,CXP-012P-PURPLE-MYS-DRM-T18BK
Purple Pixie ,CXP-155P-PURPLE-MYS-DRM-9GTNE
Purple Pixie ,CXP-120P-PURPLE-MYS-DRM-GWLQS
Purple Pixie ,CXP-122P-PURPLE-MYS-DRM-CS57S
Purple Pixie ,CXP-500P-PURPLE-MYS-DRM-38BDC
Purple Pixie ,CXP-438P-PURPLE-MYS-DRM-1LROQ
Purple Pixie ,CXP-373P-PURPLE-MYS-DRM-W9KPB
Purple Pixie ,CXP-420P-PURPLE-MYS-DRM-IQEZN
Purple Pixie ,CXP-175P-PURPLE-MYS-DRM-AHWCE
Purple Pixie ,CXP-280P-PURPLE-MYS-DRM-Y86CE
Purple Pixie ,CXP-367P-PURPLE-MYS-DRM-14O9B
Purple Pixie ,CXP-436P-PURPLE-MYS-DRM-AOYP0
Purple Pixie ,CXP-254P-PURPLE-MYS-DRM-FY7IA
Purple Pixie ,CXP-035P-PURPLE-MYS-DRM-HZMNJ
Purple Pixie ,CXP-446P-PURPLE-MYS-DRM-YVH2I
Purple Pixie ,CXP-401P-PURPLE-MYS-DRM-5VL7J
Purple Pixie ,CXP-202P-PURPLE-MYS-DRM-TLIUV
Purple Pixie ,CXP-124P-PURPLE-MYS-DRM-9HLVB
Purple Pixie ,CXP-383P-PURPLE-MYS-DRM-H7HY6
Purple Pixie ,CXP-454P-PURPLE-MYS-DRM-GZRR1
Purple Pixie ,CXP-329P-PURPLE-MYS-DRM-3CV66
Purple Pixie ,CXP-226P-PURPLE-MYS-DRM-WDEMH
Purple Pixie ,CXP-039P-PURPLE-MYS-DRM-UCSPM
Purple Pixie ,CXP-381P-PURPLE-MYS-DRM-7KUBU
Purple Pixie ,CXP-318P-PURPLE-MYS-DRM-5XKUY
Purple Pixie ,CXP-468P-PURPLE-MYS-DRM-GNR10
Purple Pixie ,CXP-050P-PURPLE-MYS-DRM-PY55Z
Purple Pixie ,CXP-021P-PURPLE-MYS-DRM-K44EV
Purple Pixie ,CXP-195P-PURPLE-MYS-DRM-Y0U3R
Purple Pixie ,CXP-417P-PURPLE-MYS-DRM-I1CEZ
Purple Pixie ,CXP-078P-PURPLE-MYS-DRM-TYULO
Purple Pixie ,CXP-184P-PURPLE-MYS-DRM-BD9VN
Purple Pixie ,CXP-170P-PURPLE-MYS-DRM-4CSH2
Black Dash,CXP-423D-BLACK-SHD-NGT-ZAP8J
Black Dash,CXP-472D-BLACK-SHD-NGT-QZFVD
Black Dash,CXP-210D-BLACK-SHD-NGT-4S46W
Black Dash,CXP-294D-BLACK-SHD-NGT-ROJTR
Black Dash,CXP-065D-BLACK-SHD-NGT-HTI2D
Black Dash,CXP-332D-BLACK-SHD-NGT-JMCBB
Black Dash,CXP-349D-BLACK-SHD-NGT-FQBRU
Black Dash,CXP-345D-BLACK-SHD-NGT-4YAI2
Black Dash,CXP-060D-BLACK-SHD-NGT-YQ2WW
Black Dash,CXP-241D-BLACK-SHD-NGT-ZJ8I8
Black Dash,CXP-103D-BLACK-SHD-NGT-YWLJ5
Black Dash,CXP-475D-BLACK-SHD-NGT-0GF6L
Black Dash,CXP-108D-BLACK-SHD-NGT-5SQ2M
Black Dash,CXP-117D-BLACK-SHD-NGT-1JJ83
Black Dash,CXP-375D-BLACK-SHD-NGT-Q6AY1
Black Dash,CXP-285D-BLACK-SHD-NGT-B4LHD
Black Dash,CXP-258D-BLACK-SHD-NGT-I4HQ8
Black Dash,CXP-394D-BLACK-SHD-NGT-OSLH6
Black Dash,CXP-097D-BLACK-SHD-NGT-ANH24
Black Dash,CXP-469D-BLACK-SHD-NGT-CMWZ1
Black Dash,CXP-300D-BLACK-SHD-NGT-80DSK
Black Dash,CXP-090D-BLACK-SHD-NGT-NH5XK
Black Dash,CXP-191D-BLACK-SHD-NGT-ZJ9YB
Black Dash,CXP-235D-BLACK-SHD-NGT-I85Y1
Black Dash,CXP-414D-BLACK-SHD-NGT-V7DCE
Black Dash,CXP-178D-BLACK-SHD-NGT-HGI95
Black Dash,CXP-129D-BLACK-SHD-NGT-EUIDC
Black Dash,CXP-073D-BLACK-SHD-NGT-QGZYA
Black Dash,CXP-431D-BLACK-SHD-NGT-00XZP
Black Dash,CXP-223D-BLACK-SHD-NGT-5INGO
Black Dash,CXP-267D-BLACK-SHD-NGT-L344Q
Black Dash,CXP-071D-BLACK-SHD-NGT-ZI769
Black Dash,CXP-023D-BLACK-SHD-NGT-VORJJ
Black Dash,CXP-458D-BLACK-SHD-NGT-3JXPT
Black Dash,CXP-038D-BLACK-SHD-NGT-GK0YJ
Black Dash,CXP-479D-BLACK-SHD-NGT-G5AYO
Black Dash,CXP-230D-BLACK-SHD-NGT-35B75
Black Dash,CXP-299D-BLACK-SHD-NGT-JL8AQ
Black Dash,CXP-137D-BLACK-SHD-NGT-LBKBH
Black Dash,CXP-177D-BLACK-SHD-NGT-UTP56
Black Dash,CXP-119D-BLACK-SHD-NGT-O210Z
Black Dash,CXP-277D-BLACK-SHD-NGT-MN4EG
Black Dash,CXP-465D-BLACK-SHD-NGT-VVWXO
Black Dash,CXP-368D-BLACK-SHD-NGT-CAP2Y
Black Dash,CXP-001D-BLACK-SHD-NGT-3BPCN
Black Dash,CXP-231D-BLACK-SHD-NGT-DBQP7
Black Dash,CXP-364D-BLACK-SHD-NGT-0DF2E
Black Dash,CXP-296D-BLACK-SHD-NGT-1H9J1
Black Dash,CXP-116D-BLACK-SHD-NGT-BMBL7
Black Dash,CXP-064D-BLACK-SHD-NGT-YXUEQ
Black Pixie,CXP-130P-BLACK-SHD-NGT-YDIYL
Black Pixie,CXP-348P-BLACK-SHD-NGT-PYF90
Black Pixie,CXP-287P-BLACK-SHD-NGT-1AM2P
Black Pixie,CXP-499P-BLACK-SHD-NGT-IAYSE
Black Pixie,CXP-418P-BLACK-SHD-NGT-L4GR3
Black Pixie,CXP-377P-BLACK-SHD-NGT-KS4VK
Black Pixie,CXP-303P-BLACK-SHD-NGT-I1FVF
Black Pixie,CXP-488P-BLACK-SHD-NGT-KL9FT
Black Pixie,CXP-466P-BLACK-SHD-NGT-TOZEI
Black Pixie,CXP-249P-BLACK-SHD-NGT-7EYVN
Black Pixie,CXP-160P-BLACK-SHD-NGT-F1T9L
Black Pixie,CXP-330P-BLACK-SHD-NGT-TFU7U
Black Pixie,CXP-106P-BLACK-SHD-NGT-4L6LF
Black Pixie,CXP-011P-BLACK-SHD-NGT-Z6HWG
Black Pixie,CXP-159P-BLACK-SHD-NGT-JOVLO
Black Pixie,CXP-225P-BLACK-SHD-NGT-A12CT
Black Pixie,CXP-052P-BLACK-SHD-NGT-377FZ
Black Pixie,CXP-166P-BLACK-SHD-NGT-NYWCR
Black Pixie,CXP-483P-BLACK-SHD-NGT-GBMCE
Black Pixie,CXP-380P-BLACK-SHD-NGT-ABBKZ
Black Pixie,CXP-049P-BLACK-SHD-NGT-2UQPY
Black Pixie,CXP-080P-BLACK-SHD-NGT-8NCRI
Black Pixie,CXP-171P-BLACK-SHD-NGT-Z3AIA
Black Pixie,CXP-158P-BLACK-SHD-NGT-TYG1Y
Black Pixie,CXP-041P-BLACK-SHD-NGT-VM5K9
Black Pixie,CXP-095P-BLACK-SHD-NGT-5VVD9
Black Pixie,CXP-282P-BLACK-SHD-NGT-8KEOG
Black Pixie,CXP-259P-BLACK-SHD-NGT-B9AGC
Black Pixie,CXP-265P-BLACK-SHD-NGT-14CRY
Black Pixie,CXP-183P-BLACK-SHD-NGT-7ONIR
Black Pixie,CXP-473P-BLACK-SHD-NGT-FJ44M
Black Pixie,CXP-047P-BLACK-SHD-NGT-JI7YI
Black Pixie,CXP-498P-BLACK-SHD-NGT-730R2
Black Pixie,CXP-301P-BLACK-SHD-NGT-7RBRL
Black Pixie,CXP-425P-BLACK-SHD-NGT-GBMDC
Black Pixie,CXP-161P-BLACK-SHD-NGT-LHFUL
Black Pixie,CXP-386P-BLACK-SHD-NGT-JQMWN
Black Pixie,CXP-441P-BLACK-SHD-NGT-L7184
Black Pixie,CXP-489P-BLACK-SHD-NGT-HMTMM
Black Pixie,CXP-081P-BLACK-SHD-NGT-NJPZZ
Black Pixie,CXP-448P-BLACK-SHD-NGT-1XVY1
Black Pixie,CXP-276P-BLACK-SHD-NGT-PH6IL
Black Pixie,CXP-284P-BLACK-SHD-NGT-QHNX4
Black Pixie,CXP-307P-BLACK-SHD-NGT-YILZN
Black Pixie,CXP-219P-BLACK-SHD-NGT-P4631
Black Pixie,CXP-253P-BLACK-SHD-NGT-156BT
Black Pixie,CXP-433P-BLACK-SHD-NGT-GUYWU
Black Pixie,CXP-136P-BLACK-SHD-NGT-0VT7I
Black Pixie,CXP-100P-BLACK-SHD-NGT-LZ757
Black Pixie,CXP-174P-BLACK-SHD-NGT-W5KB7
